id,name,birthday,address,email,phones,notes
0d90918e-f1c1-4f9c-80d2-8df1c42e6807,Test,01.01.2000,,,,
a2c1288f-927f-471a-b1e2-341485ff26d8,Test2,,,,,
5ed5199f-34b3-45d3-bbe1-94b5c55714f8,Test,01.01.2000,,,,
95d4ef87-9d99-4c99-a4a8-cfdb0b06283f,Test2,,,,,
820bdc67-05ad-436e-9fef-2cdc9b95309c,Test,01.01.2000,,,,
18220874-57ba-4f14-9517-6b3373042291,Test2,,,,,
ff285ab6-a0ee-40f3-8814-a374c3bb8573,Test,01.01.2000,,,,
98e4e62c-cc8d-4237-802f-581d1dc35593,Test2,,,,,
9ca47bd7-7027-4469-83d8-a2e8791fea76,Test,01.01.2000,,,,
f33b22b9-0453-4821-832b-a97abd005e9f,Test2,,,,,
34017f18-4897-4d24-97d1-eebbb64fcc4b,Test,01.01.2000,,,,
22270939-3f54-49d3-bdf1-c6113ee8800c,Test2,,,,,
55efd304-d39f-43dc-bbd6-e76fdf9f5cdd,Test,01.01.2000,,,,
31b93b03-ee5f-4310-8706-3b0c951cdc79,Test2,,,,,
f7fae92f-82e6-4b62-99f4-af23ad8ac9a8,Test,01.01.2000,,,,
3a2cc47f-e00f-410d-a5ec-126efdf5e3f7,Test2,,,,,
cbeac960-efa3-4810-9786-dcab22d1c97e,Test,01.01.2000,,,,
faa8d759-c7b4-4e41-b015-3800f5e19c1e,Test2,,,,,
a96ca2fe-3e37-44b8-b218-a954d547f3dc,Test,01.01.2000,,,,
3423747c-70ad-415b-b3ce-df5f331e8fe6,Test2,,,,,
69beae2d-f75b-4799-8112-13f2a872ccfb,Test,01.01.2000,,,,
05e219e1-dd4b-4509-96e5-9d035b539d3f,Test2,,,,,
1bc59945-1a51-434f-aa1d-3253bbc8c87e,Test,01.01.2000,,,,
6ae32ed4-b445-4f78-8236-82557795ba50,Test2,,,,,
e8169a6c-efaa-4021-8942-c8898e333821,Test,01.01.2000,,,,
179ea50c-e27c-4294-9e2e-fc61980f5fbc,Test2,,,,,
3ea2b953-5fc2-453c-ad1a-03af356dca80,Test,01.01.2000,,,,
4210896f-f0ac-4583-91ce-2dad78c8f222,Test2,,,,,
f989451e-b12d-4610-a57b-7ebed0036d45,Test,01.01.2000,,,,
f6e5d1a4-0eb0-4a7b-a65f-0cd980b90cfc,Test2,,,,,
3b9ac3ab-46a0-4f8a-aff8-2fe924dead69,Test,01.01.2000,,,,
679d995f-7c2a-4d54-b3d0-2cb3915f7cda,Test2,,,,,
9344a4b0-1b8e-49a1-9c21-81d3824c3815,Test,01.01.2000,,,,
6554e2d8-df80-44d9-b3e5-9afad4db3ded,Test2,,,,,
abd0392c-78ae-4bf5-b4c6-2406af2b3120,Test,01.01.2000,,,,
a6633546-87a6-44b7-baf1-12fd06a469e6,Test2,,,,,
f077f80c-dd92-4b63-937e-3226c62c18aa,Test,01.01.2000,,,,
f86ed96c-015c-40e3-8be6-cebb17bbd256,Test2,,,,,
cb570f6d-f262-4ee8-9f35-a6b60e19d7e9,Test,01.01.2000,,,,
92548954-5f55-4d0c-9ee6-0de9888f8bec,Test2,,,,,
1754da0b-743d-496e-ac94-cc03a0103c6e,Joseph,21.08.2000,,,1111111111,
49955399-baed-40de-b9fb-dafed6248b44,Test,01.01.2000,,,,
c49a722b-e13a-4ac5-b89e-90767cee8f71,Test2,,,,,
b2f43adf-0ecc-4cfe-b327-77a419b7aab6,Test,01.01.2000,,,,
7b577213-0b74-48a8-9607-a16c4c3d2771,Test2,,,,,
b4a7cdfa-aa9c-41de-b843-25a853e15c9f,Test,01.01.2000,,,,
f3b0138b-07d8-4405-8e78-83ececc863e8,Test2,,,,,
522013aa-ca50-4b41-a33e-ecd656690d00,Test,01.01.2000,,,,
49c60d81-5393-47b7-8230-ed264a3e30cf,Test2,,,,,
945e093b-6099-4d51-8604-e04bab152254,Test,01.01.2000,,,,
0d493dda-7552-4386-b921-6fe390424fb5,Test2,,,,,
